title,genre,description,year,rating,director,poster_url
The Last Orbit,Sci-Fi,"A pilot discovers an ancient signal while exploring a distant planet.",2023,8.4,Ava Chen,
Midnight Signal,Sci-Fi,"A radio engineer follows a mysterious signal through a city under blackout.",2022,7.9,Noah Brooks,
Starlight Run,Sci-Fi,"A crew races across the stars to deliver a cure before a colony falls.",2021,8.1,Maya Singh,
The Quiet Planet,Sci-Fi,"Scientists protect a silent world whose ecosystem could change humanity.",2020,7.6,Elena Rossi,
Hidden Frequency,Sci-Fi,"A student decodes a frequency that predicts events across the solar system.",2019,7.4,Daniel Reed,
Ocean Between Us,Drama,"Two siblings rebuild their relationship while restoring a coastal lighthouse.",2023,8.2,Leah Morgan,
Paper Lanterns,Drama,"A young artist returns home and finds courage in old letters.",2021,7.8,Jon Bell,
The Long Goodbye,Drama,"A retired detective faces unfinished business in his hometown.",2018,8.0,Ruth Adams,
Second Chances,Drama,"A chef starts over in a small community after a public failure.",2022,7.3,Marco Ellis,
Winter Letters,Drama,"A family gathers in winter to decide what to do with their childhood home.",2017,7.7,Grace Hill,
Laugh Track,Comedy,"An anxious comedian joins a touring troupe and discovers an unexpected family.",2022,7.5,Theo Grant,
The Weekend Plan,Comedy,"Three friends improvise a disastrous but unforgettable weekend.",2020,7.1,Kim Park,
Small Town Mix-Up,Comedy,"A mistaken delivery turns a quiet town into a celebration.",2019,7.2,Oliver Stone,
Roommates Again,Comedy,"Old friends share an apartment and learn that adulthood is optional.",2021,6.9,Sara Wells,
The Great Detour,Comedy,"A road trip takes a hilarious route through every wrong destination.",2018,7.4,Lucas Young,
Lantern House,Mystery,"A journalist investigates lights appearing in an abandoned house.",2023,8.0,Farah Ali,
The Missing Frame,Mystery,"A museum curator searches for the hidden story inside a stolen photograph.",2020,7.8,Peter Cole,
Ashwood Case,Mystery,"A local librarian solves a decades-old disappearance using forgotten maps.",2019,7.6,Mei Tan,
Seven Doors,Mystery,"A locksmith finds seven doors that all lead to the same secret.",2022,8.1,Isaac Ford,
The Blue Room,Mystery,"A musician returns to a hotel where every guest remembers a different past.",2017,7.3,Nina Shaw,
Crown of Embers,Fantasy,"An apprentice discovers a fire that can heal a kingdom or destroy it.",2023,8.5,Amara King,
The Moon Garden,Fantasy,"A child enters a garden that blooms only under moonlight.",2021,8.0,David Lin,
River of Glass,Fantasy,"A cartographer maps a magical river that moves each dawn.",2020,7.7,Bea Torres,
The Clockmaker's Door,Fantasy,"A clockmaker opens a door to a city where time is traded like money.",2018,7.9,Samir Patel,
Wings of Dawn,Fantasy,"A reluctant guardian learns to fly before an ancient storm arrives.",2019,7.5,Clara West,

