Requirement ID,Requirement,Module,Test Case IDs,Automation Status,Result,Defect IDs
REQ-AUTH-001,System shall allow user registration,Registration,TC-REG-001;TC-REG-006;TC-REG-007,Automated,PASS,
REQ-AUTH-002,System shall validate registration fields,Registration,TC-REG-002;TC-REG-003;TC-REG-004;TC-REG-005,Automated,PASS,
REQ-AUTH-003,System shall authenticate valid users,Login,TC-LOGIN-001;TC-LOGIN-005,Automated,PASS,
REQ-AUTH-004,System shall reject invalid credentials,Login,TC-LOGIN-002;TC-LOGIN-003,Automated,PASS,
REQ-AUTH-005,System shall allow logout,Logout,TC-LOGOUT-001;TC-LOGOUT-002,Automated,PASS,
REQ-NAV-001,System shall provide consistent navigation,Navigation,TC-NAV-001;TC-NAV-002;TC-NAV-003;TC-NAV-004,Manual,PASS,
REQ-MOV-001,System shall list movies,Search,TC-SEARCH-001,Automated,PASS,
REQ-MOV-002,System shall search movie title and description,Search,TC-SEARCH-001;TC-SEARCH-002;TC-SEARCH-003;TC-SEARCH-004;TC-SEARCH-005,Automated,PASS,
REQ-MOV-003,System shall filter movies by genre,Filtering,TC-FILTER-001;TC-FILTER-002,Manual,PASS,
REQ-MOV-004,System shall sort movies,Filtering,TC-FILTER-003;TC-FILTER-004,Manual,PASS,
REQ-MOV-005,System shall show movie details,Movie Details,TC-DETAIL-001;TC-DETAIL-002;TC-DETAIL-003;TC-DETAIL-004,Automated,PASS,
REQ-REC-001,System shall recommend similar movies,Recommendations,TC-REC-001;TC-REC-002;TC-REC-003;TC-REC-004,Automated,PASS,
REQ-REC-002,System shall handle recommendation errors,Recommendations,TC-REC-005;TC-REC-006,Manual,PASS,
REQ-SEC-001,System shall hash passwords,Security,TC-SEC-001,Automated,PASS,
REQ-SEC-002,System shall load secrets from configuration,Security,TC-SEC-002,Manual,PASS,
REQ-UI-001,System shall support responsive user interface,UI,TC-UI-001;TC-UI-002,Manual,PASS,
